"source_name","source_rarity","source_base_price","source_limit","source_unlocked_by","source_tags","source_effects","tele_rarity","tele_category","tele_tags","remap_confidence","remap_reason"
"Acid","Tier 2","65","","","Max HP","+8 max hp; -2 % dodge; -2 knockback","uncommon","survival_counter","survival;utility","high","signals=3; rule=survival_counter"
"Adrenaline","Tier 3","60","1","","Dodge","+5 % dodge; 50% chance to heal 5 hp when dodging an attack","rare","survival_counter","survival","medium","signals=2; rule=survival_counter"
"Alien Baby","Tier 3","80","","","Max HP","+15 max hp; +10 % enemy health","rare","survival_counter","survival","medium","signals=2; rule=survival_counter"
"Alien Eyes","Tier 2","50","","","Max HP","shoots 6 alien eyes around you every 3 seconds dealing 6 (+50%) damage each","uncommon","build_core","output;survival","medium","signals=2; rule=build_core"
"Alien Magic","Tier 3","85","","","Max HP;HP Regeneration","+8 max hp; +3 hp regeneration; -8 luck","rare","build_core","survival;economy","high","signals=3; rule=build_core"
"Alien Tongue","Tier 1","25","","","Pickup;Knockback","+30% pickup range; +1 knockback","common","rhythm_resource","utility","medium","signals=2; rule=rhythm_resource"
"Alien Worm","Tier 1","15","","","Max HP;HP Regeneration","+3 max hp; +2 hp regeneration; -1 hp recovered from consumables","common","survival_counter","survival;utility","high","signals=3; rule=survival_counter"
"Alloy","Tier 3","80","","","Melee Damage;Ranged Damage;Engineering;Crit Chance;Elemental Damage","+3 melee damage; +3 ranged damage; +3 elemental damage; +3 engineering; +5 % crit chance; -6 % dodge","rare","build_core","output;survival;utility","high","signals=5; rule=build_core"
"Anvil","Tier 4","120","1","Win a run with Arms Dealer","","a random weapon is upgraded when entering a shop. if you have no weapon to upgrade, you gain +2 armor instead.","epic","build_core","output;survival;economy","high","signals=3; rule=build_core"
"Ashes(DLC)","Tier 4","100","","","Attack Speed;Damage;Range","+20 % damage; +20 % attack speed; +100 range; -1 armor at the end of a wave","epic","build_core","output;survival;utility","high","signals=5; rule=build_core"
"Axolotl(DLC)","Tier 4","130","1","","","your highest (max hp) and lowest (max hp) positive primary stats are swapped when you get this item","epic","survival_counter","survival","medium","signals=1; rule=survival_counter"
"Baby Elephant","Tier 1","22","","","Luck;Pickup","25% chance to deal 1 (25%) damage to a random enemy when you pick up a material","common","build_core","output;economy;utility","high","signals=3; rule=build_core"
"Baby Gecko","Tier 1","18","4","","Pickup;Range","+10 range; +25% chance to instantly attract a material when it’s dropped","common","weapon_behavior","output;utility","high","signals=3; rule=weapon_behavior"
"Baby Squid(DLC)","Tier 2","55","","","HP Regeneration","+1 hp regeneration when you level up; -3 % attack speed","uncommon","build_core","output;survival;utility","high","signals=4; rule=build_core"
"Baby with a Beard","Tier 3","100","","","Ranged Damage","one bullet dealing 1 (+100%) damage is fired from an enemy corpse when they die; -50 range","rare","weapon_behavior","output;utility","high","signals=3; rule=weapon_behavior"
"Bag","Tier 1","15","3","","Luck;Exploration;Economy","+15 materials when you pick up a crate; -1 % speed","common","economy_ops","economy;utility","high","signals=4; rule=economy_ops"
"Bait","Tier 2","25","","","Damage;Number of Enemies","+8 % damage; special enemies appear at the beginning of the next wave","uncommon","weapon_behavior","output","medium","signals=2; rule=weapon_behavior"
"Ball and Chain","Tier 3","75","1","","Damage;Armor;Knockback","+15 % damage; +3 armor; +5 knockback; -3 % speed; weapons have a minimum cooldown of 0.75 seconds between attacks","rare","build_core","output;survival;utility","high","signals=5; rule=build_core"
"Bandana","Tier 3","75","","","Ranged Damage","projectiles pierce through 1 additional target; -10 % damage","rare","weapon_behavior","output","medium","signals=2; rule=weapon_behavior"
"Banner","Tier 2","55","","","Range;Attack Speed","+20 range; +10 % attack speed; -5 knockback","uncommon","weapon_behavior","output;utility","high","signals=4; rule=weapon_behavior"
"Barnacle(DLC)","Tier 3","80","1","Win a run with Creature","Curse;XP Gain","+35% stats gained from level upgrades; +1 curse when you level up","rare","economy_ops","economy","medium","signals=1; rule=economy_ops"
"Barricade","Tier 3","75","","","Armor;Stand Still;Knockback","+3 knockback; +8 armor while standing still; -5 % speed","rare","survival_counter","survival;utility","high","signals=4; rule=survival_counter"
"Bat","Tier 1","20","","","Life Steal","+2 % life steal; -2 harvesting","common","build_core","survival;economy","high","signals=3; rule=build_core"
"Bean Teacher","Tier 3","70","","","XP Gain","+50 % xp gain; -2 % life steal","rare","build_core","survival;economy","high","signals=3; rule=build_core"
"Beanie","Tier 1","20","","","Speed","+4 % speed; -6 range","common","rhythm_resource","utility","medium","signals=2; rule=rhythm_resource"
"Big Arms","Tier 4","105","","Win a run with Generalist","Melee Damage;Ranged Damage;Knockback","+12 melee damage; +6 ranged damage; +3 knockback; -3 % attack speed; -3 % speed","epic","weapon_behavior","output;utility","high","signals=3; rule=weapon_behavior"
"Black Belt","Tier 2","50","","","Melee Damage;XP Gain;Knockback","+25 % xp gain; +3 melee damage; +3 knockback; -8 luck","uncommon","build_core","output;economy;utility","high","signals=5; rule=build_core"
"Black Flag(DLC)","Tier 3","60","1","","Curse;More Enemies","+1 material when you kill a cursed enemy; +10% enemies; +10 % enemy health; +10 % enemy damage; +5 curse","rare","build_core","output;survival","high","signals=3; rule=build_core"
"Blindfold","Tier 2","45","","","Crit Chance;Dodge","+5 % crit chance; +5 % dodge; -15 range","uncommon","build_core","output;survival;utility","high","signals=5; rule=build_core"
"Blood Donation","Tier 3","50","","","Harvesting","+40 harvesting; you take 1 damage per second (does not give invulnerability time)","rare","build_core","output;survival;economy","high","signals=4; rule=build_core"
"Blood Leech","Tier 2","45","","","Life Steal;HP Regeneration","+2 % life steal; +2 hp regeneration; -3 harvesting","uncommon","build_core","survival;economy","high","signals=3; rule=build_core"
"Bloody Hand","Tier 4","110","1","","Life Steal","+10 % life steal; +2 % damage for every 1 % life steal you have; you take 1 damage per second (does not give invulnerability time)","epic","build_core","output;survival","high","signals=3; rule=build_core"
"Boiling Water","Tier 1","30","","","Elemental Damage","+2 elemental damage; -1 max hp","common","build_core","output;survival","high","signals=3; rule=build_core"
"Bone Dice(DLC)","Tier 2","30","2","","Damage","+50% chance to get +1 % damage when rerolling in the shop; +10% chance to get -1 max hp when rerolling in the shop","uncommon","build_core","output;survival;economy","high","signals=4; rule=build_core"
"Book","Tier 1","8","","","Engineering","+1 engineering","common","weapon_behavior","output;utility","medium","signals=2; rule=weapon_behavior"
"Bowler Hat","Tier 3","75","","Win a run with Entrepreneur","Luck;Harvesting","+15 luck; +18 harvesting; -5 % attack speed; -3 % crit chance","rare","build_core","output;economy;utility","high","signals=4; rule=build_core"
"Boxing Glove","Tier 1","18","","","Melee Damage;Knockback","+1 melee damage; +3 knockback","common","weapon_behavior","output;utility","high","signals=3; rule=weapon_behavior"
"Broken Mouth","Tier 1","25","","","Max HP","+5 max hp; -1 hp regeneration","common","survival_counter","survival","medium","signals=2; rule=survival_counter"
"Butterfly","Tier 1","30","","","Life Steal","+2 % life steal; -1 elemental damage","common","build_core","output;survival","high","signals=3; rule=build_core"
"Cake","Tier 1","15","","","Max HP","+3 max hp; -1 % damage","common","build_core","output;survival","high","signals=3; rule=build_core"
"Campfire","Tier 2","40","","","Elemental Damage;HP Regeneration","+2 elemental damage; +2 hp regeneration; -2 % speed","uncommon","build_core","output;survival;utility","high","signals=5; rule=build_core"
"Candle","Tier 3","65","1","","Elemental Damage;HP Regeneration;Less Enemies","+4 elemental damage; +1 hp regeneration; -10% enemies; -5 % damage","rare","build_core","output;survival","high","signals=4; rule=build_core"
"Candy Bag","Tier 3","70","1","Win a run without locking any items in the shop","","each wave grants 8 points randomly split between your primary stats; each wave, 10% chance to spawn an additional elite","rare","rhythm_resource","utility","medium","signals=1; rule=rhythm_resource"
"Cape","Tier 4","110","","","Life Steal;Dodge","+5 % life steal; +20 % dodge; -2 melee damage; -2 ranged damage; -2 elemental damage","epic","build_core","output;survival;utility","high","signals=4; rule=build_core"
"Cauldron(DLC)","Tier 2","35","1","Win a run with Druid","Pickup","+50% pickup range; +20 % damage for 2 seconds after picking up a consumable; -2 hp regeneration","uncommon","build_core","output;survival;utility","high","signals=4; rule=build_core"
"Celery Tea","Tier 2","35","","Win a run with Baby","XP Gain","+5 % xp gain at the end of a wave; +50 % xp gain during the next wave; +100 % enemy health during the next wave","uncommon","build_core","survival;economy","high","signals=3; rule=build_core"
"Chameleon","Tier 3","70","","","Dodge;Stand Still","+3 % dodge; +20 % dodge while standing still; -4 % damage","rare","build_core","output;survival;utility","high","signals=5; rule=build_core"
"Charcoal","Tier 1","20","","","Elemental Damage;Melee Damage","+1 elemental damage; +2 melee damage; -2 harvesting","common","build_core","output;economy","high","signals=3; rule=build_core"
"Claw Tree","Tier 1","20","","","Melee Damage;Crit Chance","+1 melee damage; +3 % crit chance; -1 max hp","common","build_core","output;survival","high","signals=3; rule=build_core"
"Clockwork Wasp","Tier 2","45","","","Structure;Speed","+10 % structure attack speed; +5 % speed","uncommon","weapon_behavior","output;utility","high","signals=3; rule=weapon_behavior"
"Clover","Tier 3","65","","","Luck;Dodge","+20 luck; +6 % dodge; -2 % life steal","rare","build_core","survival;economy","high","signals=4; rule=build_core"
"Coffee","Tier 1","20","","","Attack Speed","+10 % attack speed; -2 % damage","common","weapon_behavior","output;utility","high","signals=3; rule=weapon_behavior"
"Cog","Tier 2","35","","","Engineering;Knockback","+4 engineering; +1 knockback; -4 % damage","uncommon","weapon_behavior","output;utility","high","signals=4; rule=weapon_behavior"
"Coil","Tier 3","70","3","","Damage;Knockback","+5 knockback; +1 % damage for every 1 knockback you have","rare","weapon_behavior","output;utility","high","signals=3; rule=weapon_behavior"
"Community Support","Tier 3","75","1","Win a run with Streamer","Attack Speed","+1 % attack speed for every current living enemy; -2 armor","rare","build_core","output;survival;utility","high","signals=4; rule=build_core"
"Compass","Tier 2","40","","Win a run with Explorer","Speed;Engineering","+5 % speed; +3 engineering; -3 % crit chance","uncommon","weapon_behavior","output;utility","high","signals=4; rule=weapon_behavior"
"Coral(DLC)","Tier 2","40","","","HP Regeneration;Stand Still","+10 hp regeneration while standing still; -10 range","uncommon","survival_counter","survival;utility","high","signals=4; rule=survival_counter"
"Corrupted Shard(DLC)","Tier 1","12","","","Damage;Curse","+3 % damage; +1 curse","common","weapon_behavior","output","medium","signals=2; rule=weapon_behavior"
"Coupon","Tier 1","15","5","","Economy","-5 % items price","common","economy_ops","economy","medium","signals=2; rule=economy_ops"
"Crown","Tier 3","70","1","","Harvesting","harvesting increases by an additional 8% at the end of a wave","rare","economy_ops","economy","medium","signals=2; rule=economy_ops"
"Crystal(DLC)","Tier 3","65","","","Attack Speed","+5 % attack speed; +1 % attack speed every 1 second until the end of the wave; bonus is lost when taking damage; -2 engineering","rare","weapon_behavior","output;utility","high","signals=3; rule=weapon_behavior"
"Cute Monkey","Tier 1","25","13","","Pickup","+8% chance to heal 1 hp when picking up a material; -1 ranged damage","common","build_core","output;survival;utility","high","signals=4; rule=build_core"
"Cyberball","Tier 2","30","","","Luck","25% chance to deal 1 (25%) damage to a random enemy when an enemy dies","uncommon","build_core","output;economy","medium","signals=2; rule=build_core"
"Cyclops Worm","Tier 2","45","","","Damage","+12 % damage; -12 range","uncommon","weapon_behavior","output;utility","high","signals=3; rule=weapon_behavior"
"Dangerous Bunny","Tier 2","30","3","","Economy","+1 free reroll in the shop","uncommon","economy_ops","economy","medium","signals=2; rule=economy_ops"
"Decomposing Flesh","Tier 2","30","","Win a run with Vampire","Life Steal","+1 % life steal when you level up; -1 max hp when you level up","uncommon","survival_counter","survival","medium","signals=2; rule=survival_counter"
"Defective Steroids","Tier 1","20","","","Max HP;Melee Damage","+2 max hp; +2 melee damage; -3 % attack speed","common","build_core","output;survival;utility","high","signals=5; rule=build_core"
"Diploma","Tier 4","90","","","Engineering;XP Gain","+10 engineering; +50 % xp gain; -3 max hp","epic","build_core","output;survival;economy;utility","high","signals=5; rule=build_core"
"Duct Tape","Tier 1","20","","","Armor;Engineering","+1 armor; +1 engineering; -2 max hp","common","build_core","output;survival;utility","high","signals=4; rule=build_core"
"Dynamite","Tier 1","20","","","Explosive","+15 % explosion damage","common","weapon_behavior","output","medium","signals=2; rule=weapon_behavior"
"Energy Bracelet","Tier 2","55","","","Crit Chance;Elemental Damage","+4 % crit chance; +2 elemental damage; -2 ranged damage","uncommon","weapon_behavior","output;utility","high","signals=3; rule=weapon_behavior"
"Esty's Couch","Tier 4","100","1","","HP Regeneration;Max HP","+5 max hp; +2 hp regeneration for every permanent -1 % speed you have; -20 % speed","epic","survival_counter","survival;utility","high","signals=3; rule=survival_counter"
"Exoskeleton","Tier 4","90","","","Armor;Crit Chance;Engineering;Speed","+3 armor; +5 % crit chance; +5 engineering; +5 % speed; -2 hp regeneration; -2 % life steal","epic","build_core","output;survival;utility","high","signals=6; rule=build_core"
"Explosive Shells","Tier 4","100","","Win a run with Artificer","Explosive","+60 % explosion damage; +15 % explosion size; -15 % damage","epic","weapon_behavior","output","medium","signals=2; rule=weapon_behavior"
"Explosive Turret","Tier 4","80","","","Engineering;Structure","spawns a turret that shoots explosive bullets dealing 25 (+150%) damage in an area","epic","weapon_behavior","output;utility","high","signals=4; rule=weapon_behavior"
"Extra Stomach","Tier 4","100","1","","Max HP;Luck","+1 max hp when picking up a consumable while at maximum health (max +8 per wave)","epic","build_core","survival;economy;utility","high","signals=4; rule=build_core"
"Eyepatch(DLC)","Tier 2","55","","Win a run with Buccaneer","Crit Chance;Ranged Damage","projectiles get +1 piercing on critical hit; +3 % crit chance; -10% accuracy","uncommon","weapon_behavior","output","medium","signals=2; rule=weapon_behavior"
"Eyes Surgery","Tier 2","60","2","","Elemental Damage","burning activates 20% faster; +1 elemental damage; -10 range","uncommon","weapon_behavior","output;utility","high","signals=3; rule=weapon_behavior"
"Fairy","Tier 3","85","1","Win a run with Renegade","HP Regeneration","+1 hp regeneration for every different tier i item you have; -3 hp regeneration for every different tier iv item you have","rare","survival_counter","survival","medium","signals=2; rule=survival_counter"
"Feather(DLC)","Tier 1","18","","","Ranged Damage;Dodge","+1 ranged damage; +3 % dodge; -3 % xp gain","common","build_core","output;survival;economy;utility","high","signals=6; rule=build_core"
"Fertilizer","Tier 1","15","","","Harvesting","+8 harvesting; -1 melee damage","common","build_core","output;economy","high","signals=3; rule=build_core"
"Fin","Tier 3","65","","Win a run with Speedy","Speed;Life Steal","+10 % speed; +3 % life steal; -8 luck","rare","build_core","survival;economy;utility","high","signals=5; rule=build_core"
"Fish Hook(DLC)","Tier 2","35","3","","Curse;Lock (Item Tag)","locked items and weapons have a 20% chance to become cursed when leaving the shop; +1 curse","uncommon","build_core","output;economy","medium","signals=2; rule=build_core"
"Focus","Tier 4","110","","Win a run with One Armed","Damage","+30 % damage; -3 % attack speed for every different weapon you have","epic","weapon_behavior","output;utility","high","signals=3; rule=weapon_behavior"
"Fresh Meat","Tier 1","25","","","Life Steal","+2 % life steal; -1 hp regeneration","common","survival_counter","survival","medium","signals=2; rule=survival_counter"
"Fried Rice","Tier 3","60","1","","HP Regeneration","+1 hp regeneration for every currently burning enemy","rare","build_core","output;survival","high","signals=3; rule=build_core"
"Frozen Heart","Tier 3","90","1","","Elemental Damage;Crit Chance","+8 elemental damage; +5 % crit chance; weapon damage additionally scales with 10% elemental damage; burning activates 100% slower","rare","weapon_behavior","output","medium","signals=2; rule=weapon_behavior"
"Fruit Basket","Tier 2","45","4","Collect 100 fruits while at maximum health","Consumable","enemies have a higher chance of dropping fruits; -3 hp regeneration","uncommon","survival_counter","survival;utility","medium","signals=2; rule=survival_counter"
"Fuel Tank","Tier 2","45","","","Elemental Damage","+4 elemental damage; -1 melee damage; -1 ranged damage","uncommon","weapon_behavior","output;utility","high","signals=3; rule=weapon_behavior"
"Gambling Token","Tier 2","50","","","Dodge","+8 % dodge; -1 armor","uncommon","survival_counter","survival","medium","signals=2; rule=survival_counter"
"Garden","Tier 2","50","","","Consumable;Structure","spawns a garden that creates a fruit every 15 seconds","uncommon","rhythm_resource","utility","medium","signals=2; rule=rhythm_resource"
"Gentle Alien","Tier 1","30","10","","Max HP;Damage;More Enemies","+2 max hp; +5 % damage; +5% enemies","common","build_core","output;survival","high","signals=4; rule=build_core"
"Ghost Outfit","Tier 3","80","1","Reach 70% Dodge","Dodge","dodge is capped at 70%; +10% dodge; -5% speed; -3 armor","rare","survival_counter","survival;utility","high","signals=3; rule=survival_counter"
"Giant Belt","Tier 4","110","1","Win a run with Jack","Crit Chance","critical hits deal 10% of an enemy’s current health as bonus damage (1% for bosses and elites)","epic","build_core","output;survival","high","signals=3; rule=build_core"
"Glass Cannon","Tier 3","75","","","Damage","+25 % damage; -3 armor","rare","build_core","output;survival","high","signals=3; rule=build_core"
"Glasses","Tier 1","20","","","Range","+20 range","common","weapon_behavior","output;utility","high","signals=3; rule=weapon_behavior"
"Gnome","Tier 4","100","","Win a run with Bull","Melee Damage;Elemental Damage","+10 melee damage; +10 elemental damage; -20 range; -20% pickup range","epic","weapon_behavior","output;utility","high","signals=3; rule=weapon_behavior"
"Goat Skull","Tier 1","25","","","Melee Damage","+3 melee damage; -2 % crit chance","common","weapon_behavior","output","medium","signals=2; rule=weapon_behavior"
"Gobbler's Hat","Tier 4","130","1","Kill the Gobbler 5 times","","+70% materials dropped; -15% speed; -10% dodge","epic","build_core","survival;economy;utility","high","signals=3; rule=build_core"
"Goblet(DLC)","Tier 3","70","3","","","+15% chance to heal 1 hp when killing an enemy; -3 hp regeneration","rare","survival_counter","survival","medium","signals=1; rule=survival_counter"
"Goldfish(DLC)","Tier 3","23","","","","items will be 1 tier higher after the next reroll","rare","economy_ops","economy","medium","signals=1; rule=economy_ops"
"Greek Fire","Tier 4","100","1","","Elemental Damage","burning deals an additional 10% of current enemy hp as damage (1% for bosses and elites)","epic","weapon_behavior","output","medium","signals=2; rule=weapon_behavior"
"Grind's Magical Leaf","Tier 4","110","","","Max HP;HP Regeneration;Life Steal","+3 max hp at the end of a wave; +1 hp regeneration at the end of a wave; +1 % life steal at the end of a wave","epic","survival_counter","survival","medium","signals=2; rule=survival_counter"
"Gummy Berserker","Tier 1","25","","","Attack Speed;Range","+5 % attack speed; +25 range; -1 armor","common","build_core","output;survival;utility","high","signals=5; rule=build_core"
"Handcuffs","Tier 3","80","1","","Melee Damage;Ranged Damage;Elemental Damage","+8 melee damage; +8 ranged damage; +8 elemental damage; your max hp is capped at its current value","rare","build_core","output;survival;utility","high","signals=4; rule=build_core"
"Head Injury","Tier 1","25","","","Damage","+6 % damage; -8 range","common","weapon_behavior","output;utility","high","signals=3; rule=weapon_behavior"
"Heavy Bullets","Tier 4","100","","","Ranged Damage;Damage;Range","+5 ranged damage; +10 % damage; +10 range; -5 % attack speed; -5 % crit chance","epic","weapon_behavior","output;utility","high","signals=4; rule=weapon_behavior"
"Hedgehog","Tier 1","30","","","Melee Damage;Ranged Damage","+2 melee damage; +1 ranged damage; -1 hp regeneration","common","build_core","output;survival;utility","high","signals=4; rule=build_core"
"Helmet","Tier 1","15","","","Armor","+1 armor; -2 % speed","common","survival_counter","survival;utility","high","signals=3; rule=survival_counter"
"Honey","Tier 3","70","","","Ranged Damage;Explosive","+3 ranged damage; +10 % explosion damage; +5 % explosion size; -3 % speed; -3 % dodge","rare","build_core","output;survival;utility","high","signals=4; rule=build_core"
"Hourglass","Tier 4","100","1","During the last 5 seconds of a wave after wave 2, press 'Return to Main Menu'. Then press 'Resume' to try the wave again.","","turns back time, decreasing the current wave count by 1; start the next wave with 1 hp","epic","build_core","utility","low","signals=0; rule=build_core"
"Hunting Trophy","Tier 3","55","3","Win a run with Crazy","Crit Chance","33% chance to gain 1 material when killing an enemy with a critical hit","rare","weapon_behavior","output","medium","signals=2; rule=weapon_behavior"
"Ice Cube","Tier 2","50","1","","Elemental Damage","enemies take 10% more damage for 3 seconds when first hit by elemental damage","uncommon","weapon_behavior","output","medium","signals=2; rule=weapon_behavior"
"Improved Tools","Tier 3","70","1","Win a run with Cyborg","Structure;Attack Speed","+10 % attack speed; increases the attack speed of your structures by 0% (50%)","rare","weapon_behavior","output;utility","high","signals=4; rule=weapon_behavior"
"Incendiary Turret","Tier 2","40","","","Engineering;Structure","spawns a turret that shoots flames dealing 8x5 (+33%) burning damage","uncommon","weapon_behavior","output;utility","high","signals=4; rule=weapon_behavior"
"Injection","Tier 1","20","","","Damage","+7 % damage; -2 max hp","common","build_core","output;survival","high","signals=3; rule=build_core"
"Insanity","Tier 1","20","","","Crit Chance","+6 % crit chance; -3 % damage","common","weapon_behavior","output","medium","signals=2; rule=weapon_behavior"
"Jelly","Tier 1","15","","Win a run with Vagabond","Max HP","+1 max hp for every different weapon you have","common","build_core","output;survival","high","signals=3; rule=build_core"
"Jerky(DLC)","Tier 2","50","1","","Consumable","+3 hp recovered from consumables; consumables heal you over 4 seconds instead of instantly","uncommon","survival_counter","survival;utility","high","signals=3; rule=survival_counter"
"Jet Pack","Tier 4","100","","","Speed;Dodge","+15 % speed; +10 % dodge; -5 max hp; -1 armor","epic","survival_counter","survival;utility","high","signals=4; rule=survival_counter"
"Knot(DLC)","Tier 3","80","1","","Damage;Max HP","+15 % damage; +15 max hp; weapons can no longer be upgraded or recycled","rare","build_core","output;survival","high","signals=4; rule=build_core"
"Kraken's Eye(DLC)","Tier 4","110","1","","Explosive;Max HP;Curse","you have a 50% chance to explode for 10 (+500%) damage when you get hit; +10 max hp; +10 curse","epic","build_core","output;survival","high","signals=4; rule=build_core"
"Landmines","Tier 1","15","","","Engineering;Explosive;Structure","a landmine spawns every 12 seconds dealing 10 (+100%) damage in an area","common","weapon_behavior","output;utility","high","signals=4; rule=weapon_behavior"
"Lantern(DLC)","Tier 4","100","1","","Damage;Range;Knockback","+10 % damage; +50 range; +15 knockback; knocks nearby enemies back every 3 seconds","epic","weapon_behavior","output;utility","high","signals=4; rule=weapon_behavior"
"Laser Turret","Tier 3","65","","","Engineering;Structure","spawns a turret that shoots piercing bullets dealing 20 (+125%) damage","rare","weapon_behavior","output;utility","high","signals=4; rule=weapon_behavior"
"Leather Vest","Tier 2","45","","","Armor;Dodge","+2 armor; +6 % dodge; -3 max hp","uncommon","survival_counter","survival","medium","signals=2; rule=survival_counter"
"Lemonade","Tier 1","15","","","Consumable","+1 hp recovered from consumables","common","rhythm_resource","utility","medium","signals=2; rule=rhythm_resource"
"Lens","Tier 1","20","","","Ranged Damage","+1 ranged damage; -5 range","common","weapon_behavior","output;utility","high","signals=3; rule=weapon_behavior"
"Lighthouse(DLC)","Tier 3","80","1","Win a run with Builder","Engineering","+20 engineering; -1 engineering for every 1 structure you have","rare","weapon_behavior","output;utility","high","signals=3; rule=weapon_behavior"
"Little Frog","Tier 2","45","","","Harvesting;Pickup","+20% pickup range; +10 harvesting; -3 % dodge","uncommon","build_core","survival;economy;utility","high","signals=5; rule=build_core"
"Little Muscley Dude","Tier 2","50","","","Melee Damage;Max HP","+3 melee damage; +5 max hp; -15 range","uncommon","build_core","output;survival;utility","high","signals=5; rule=build_core"
"Lost Duck","Tier 1","25","","","Luck","+8 luck; -1 elemental damage","common","build_core","output;economy","high","signals=3; rule=build_core"
"Lucky Charm","Tier 3","75","","Win a run with Lucky","Luck","+30 luck; -2 melee damage; -1 ranged damage","rare","build_core","output;economy;utility","high","signals=4; rule=build_core"
"Lucky Coin","Tier 4","105","1","","Crit Chance;Luck","+2 luck for every 1 % crit chance you have; -2 armor","epic","build_core","output;survival;economy","high","signals=5; rule=build_core"
"Lumberjack Shirt","Tier 1","15","1","","Exploration","trees die in one hit","common","rhythm_resource","utility","medium","signals=2; rule=rhythm_resource"
"Lure","Tier 2","34","","Win a run with Fisherman","HP Regeneration","+2 hp regeneration; 2 additional loot aliens appear during the next wave","uncommon","survival_counter","survival","medium","signals=2; rule=survival_counter"
"Mammoth","Tier 4","110","","","Melee Damage;HP Regeneration;Knockback","+20 melee damage; +5 hp regeneration; +5 knockback; -8 % damage; -3 % speed","epic","build_core","output;survival;utility","high","signals=5; rule=build_core"
"Mastery","Tier 2","55","","","Melee Damage","+6 melee damage; -3 ranged damage","uncommon","weapon_behavior","output;utility","high","signals=3; rule=weapon_behavior"
"Medal","Tier 2","55","","","Max HP;Damage;Armor;Speed","+3 max hp; +3 % damage; +1 armor; +3 % speed; -4 % crit chance","uncommon","build_core","output;survival;utility","high","signals=6; rule=build_core"
"Medical Turret","Tier 2","40","","","Engineering;Structure","spawns a medical turret that shoots bullets healing 3 (+5%) hp","uncommon","build_core","output;survival;utility","high","signals=5; rule=build_core"
"Medikit","Tier 4","95","","Win a run with Doctor","HP Regeneration","+10 hp regeneration; +2 hp regeneration every 5 seconds until the end of the wave; -10 luck","epic","build_core","survival;economy","high","signals=3; rule=build_core"
"Metal Detector","Tier 2","40","20","","Luck;Engineering;Pickup;Economy","+5% chance to double the value of picked up materials; +6 luck; +2 engineering; -5 % damage","uncommon","build_core","output;economy;utility","high","signals=5; rule=build_core"
"Metal Plate","Tier 2","40","","","Armor","+2 armor; -3 % damage","uncommon","build_core","output;survival","high","signals=3; rule=build_core"
"Mirror(DLC)","Tier 3","60","","","","duplicates the next item you get from the shop (item limits can't be exceeded)","rare","economy_ops","economy","medium","signals=1; rule=economy_ops"
"Missile","Tier 2","45","","","Damage","+10 % damage; -4 % attack speed","uncommon","weapon_behavior","output;utility","high","signals=3; rule=weapon_behavior"
"Mouse","Tier 3","55","5","","Life Steal;More Enemies","+5 % life steal; +10% enemies; -5 harvesting","rare","build_core","output;survival;economy","high","signals=4; rule=build_core"
"Mushroom","Tier 1","25","","","HP Regeneration","+3 hp regeneration; -2 luck","common","build_core","survival;economy","high","signals=3; rule=build_core"
"Mutation","Tier 1","25","","","Ranged Damage;Elemental Damage","+1 ranged damage; +1 elemental damage; -3 knockback","common","weapon_behavior","output;utility","high","signals=3; rule=weapon_behavior"
"Nail","Tier 3","65","1","","Engineering","+5 engineering; weapon damage additionally scales with 20% engineering; -2 ranged damage","rare","weapon_behavior","output;utility","high","signals=4; rule=weapon_behavior"
"Night Goggles","Tier 4","95","","Win a run with Ranger","Crit Chance;Range","+15 % crit chance; +50 range; -3 max hp; -1 armor","epic","build_core","output;survival;utility","high","signals=5; rule=build_core"
"Octopus","Tier 4","105","","Win a run with Mutant","Max HP;Life Steal;HP Regeneration","+12 max hp; +5 hp regeneration; +3 % life steal; -8 % crit chance","epic","build_core","output;survival","high","signals=3; rule=build_core"
"Padding","Tier 2","45","1","Win a run with Saver","Max HP","+3 max hp; +1 max hp for every 80 materials you have","uncommon","build_core","survival;economy","high","signals=3; rule=build_core"
"Panda","Tier 4","100","","Win a run with Pacifist","Max HP;Luck","+12 max hp; +25 luck; -5 % damage","epic","build_core","output;survival;economy","high","signals=5; rule=build_core"
"Peaceful Bee","Tier 1","18","","","Dodge;Harvesting","+4 % dodge; +4 harvesting; -1 melee damage; -1 ranged damage","common","build_core","output;survival;economy;utility","high","signals=6; rule=build_core"
"Peacock","Tier 3","50","","","XP Gain","+25 % xp gain; +100 % xp gain during the next wave; +50 % enemy damage during the next wave","rare","build_core","output;economy","high","signals=3; rule=build_core"
"Pearl(DLC)","Tier 2","60","20","Win a run with Curious","Luck","+1 % damage for every permanent 10 luck you have; +3% chance of finding an extra pearl in a crate","uncommon","build_core","output;economy","high","signals=3; rule=build_core"
"Pencil","Tier 1","15","","","Engineering","+2 engineering; -1 % attack speed; -1 % crit chance","common","weapon_behavior","output;utility","high","signals=4; rule=weapon_behavior"
"Penguin(DLC)","Tier 1","25","3","","HP Regeneration","+1 hp regeneration; +1 hp regeneration until the end of the wave when picking up a consumable while at maximum health","common","survival_counter","survival;utility","high","signals=3; rule=survival_counter"
"Piggy Bank","Tier 2","40","1","","","+20% of your materials at the start of waves (stops working at wave 20)","uncommon","economy_ops","economy","medium","signals=1; rule=economy_ops"
"Pile of Books","Tier 3","70","1","","Crit Chance;Engineering","your structures can crit; +3 % crit chance; +3 engineering","rare","weapon_behavior","output;utility","high","signals=4; rule=weapon_behavior"
"Plant","Tier 1","15","","","HP Regeneration","+3 hp regeneration; -1 % life steal","common","survival_counter","survival","medium","signals=2; rule=survival_counter"
"Plastic Explosive","Tier 3","60","","","Explosive","+25 % explosion size","rare","weapon_behavior","output","medium","signals=1; rule=weapon_behavior"
"Pocket Factory","Tier 2","75","1","","Engineering;Exploration;Structure","+2 engineering; killing a tree spawns a turret","uncommon","weapon_behavior","output;utility","high","signals=3; rule=weapon_behavior"
"Poisonous Tonic","Tier 3","80","","","Attack Speed;Crit Chance;Range","+10 % attack speed; +5 % crit chance; +15 range; -2 hp regeneration","rare","build_core","output;survival;utility","high","signals=5; rule=build_core"
"Potato","Tier 4","95","","Win a run with Well Rounded","Max HP;HP Regeneration;Damage;Speed;Luck","+3 max hp; +2 hp regeneration; +1 % life steal; +5 % damage; +5 % attack speed; +3 % speed; +3 % dodge; +1 armor; +5 luck","epic","build_core","output;survival;economy;utility","high","signals=8; rule=build_core"
"Power Generator","Tier 3","65","1","","Speed;Damage","+1 % damage for every permanent 1 % speed you have; -5 % damage","rare","weapon_behavior","output;utility","high","signals=4; rule=weapon_behavior"
"Propeller Hat","Tier 1","28","","","Luck","+10 luck; -2 % damage","common","build_core","output;economy","high","signals=3; rule=build_core"
"Pumpkin","Tier 2","40","","","Ranged Damage","+15% piercing damage. can't go above base damage; -2 % damage","uncommon","weapon_behavior","output","medium","signals=2; rule=weapon_behavior"
"Recycling Machine","Tier 2","35","1","","Economy","gain 35% more materials from recycling items","uncommon","economy_ops","economy","medium","signals=2; rule=economy_ops"
"Regeneration Potion","Tier 4","90","1","","HP Regeneration","hp regeneration is doubled when you have less than 50% health; +3 hp regeneration","epic","survival_counter","survival","medium","signals=2; rule=survival_counter"
"Reinforced Steel","Tier 2","50","","","Ranged Damage;Engineering","+2 ranged damage; +3 engineering; -3 % speed","uncommon","weapon_behavior","output;utility","high","signals=4; rule=weapon_behavior"
"Retromation's Hoodie","Tier 4","110","1","","Dodge","+2 % attack speed for every 1 % dodge you have; -80 range","epic","build_core","output;survival;utility","high","signals=4; rule=build_core"
"Ricochet","Tier 4","110","","","Ranged Damage","your projectiles gain +1 bounce; -25 % damage","epic","weapon_behavior","output","medium","signals=2; rule=weapon_behavior"
"Rip and Tear","Tier 3","65","5","Win a run with Loud","Melee Damage;Explosive","enemies have a 20% chance to explode for 10 (+50%) damage when they die; -5 % crit chance","rare","weapon_behavior","output","medium","signals=2; rule=weapon_behavior"
"Riposte","Tier 2","40","","","Dodge;Melee Damage","+2 melee damage; 100% chance to deal 1 (300%) damage to an enemy when dodging their attack","uncommon","build_core","output;survival","high","signals=3; rule=build_core"
"Ritual","Tier 2","60","","Win a run with Ghost","Damage;Life Steal","+6 % damage; +2 % life steal; -2 engineering","uncommon","build_core","output;survival","high","signals=4; rule=build_core"
"Robot Arm","Tier 4","100","","Win a run with Engineer","Melee Damage;Engineering","+3 melee damage at the end of a wave; +3 engineering at the end of a wave; -1 max hp at the end of a wave","epic","build_core","output;survival;utility","high","signals=4; rule=build_core"
"Sad Tomato","Tier 3","50","1","","HP Regeneration","+8 hp regeneration; start waves with -50% hp","rare","survival_counter","survival","medium","signals=2; rule=survival_counter"
"Saltwater(DLC)","Tier 2","50","1","","Melee Damage;Attack Speed;Speed","+2 melee damage; +3 % attack speed; +10 % speed for 3 seconds when you take damage; -1 elemental damage","uncommon","weapon_behavior","output;utility","high","signals=4; rule=weapon_behavior"
"Scar","Tier 1","25","","","XP Gain","+20 % xp gain; -8 range","common","economy_ops","economy;utility","high","signals=3; rule=economy_ops"
"Scared Sausage","Tier 1","25","4","","Elemental Damage","attacks have a 25% chance to deal 3x1 (+100%) burning damage","common","weapon_behavior","output","medium","signals=2; rule=weapon_behavior"
"Scarf(DLC)","Tier 3","80","","Win a run with Hiker","HP Regeneration;Melee Damage;Speed","+4 hp regeneration; +4 melee damage; +4 % speed; +25 % enemy speed during the next wave","rare","build_core","output;survival;utility","high","signals=6; rule=build_core"
"Scope","Tier 2","48","","","Ranged Damage;Range","+2 ranged damage; +25 range; -7 % attack speed","uncommon","weapon_behavior","output;utility","high","signals=4; rule=weapon_behavior"
"Seashell(DLC)","Tier 4","100","1","","Ranged Damage","every ranged weapon's 5th projectile has +3 projectiles; -10 % damage","epic","weapon_behavior","output;utility","high","signals=3; rule=weapon_behavior"
"Shackles","Tier 3","80","1","","Range;HP Regeneration;Engineering","+8 hp regeneration; +8 engineering; +80 range; your speed is capped at its current value","rare","build_core","output;survival;utility","high","signals=5; rule=build_core"
"Shady Potion","Tier 2","48","","","Luck","+20 luck; -2 hp regeneration","uncommon","build_core","survival;economy","high","signals=3; rule=build_core"
"Sharp Bullet","Tier 1","25","1","","Ranged Damage","projectiles pierce through 1 additional target; -20% piercing damage; -5 % damage; -3 knockback","common","weapon_behavior","output;utility","high","signals=3; rule=weapon_behavior"
"Shmoop","Tier 3","60","","","Max HP;HP Regeneration","+6 max hp; +2 hp regeneration; -2 melee damage; -1 ranged damage","rare","build_core","output;survival;utility","high","signals=4; rule=build_core"
"Sifd's Relic","Tier 4","100","1","","Pickup;Armor","+3 armor; +100% chance to instantly attract a material when it’s dropped","epic","survival_counter","survival;utility","high","signals=3; rule=survival_counter"
"Silver Bullet","Tier 3","70","","","Damage","+25% damage against bosses and elites","rare","weapon_behavior","output","medium","signals=2; rule=weapon_behavior"
"Small Fish(DLC)","Tier 1","18","","","Damage","+10% damage against targets above 75% health; -3 % attack speed","common","build_core","output;survival;utility","high","signals=4; rule=build_core"
"Small Magazine","Tier 2","60","","","Ranged Damage;Attack Speed","+2 ranged damage; +10 % attack speed; -6 % damage","uncommon","weapon_behavior","output;utility","high","signals=3; rule=weapon_behavior"
"Snail","Tier 2","40","1","Win a run with Old","Less Enemy Speed","-8 % enemy speed; -3 % speed","uncommon","survival_counter","survival;utility","medium","signals=2; rule=survival_counter"
"Snake","Tier 1","25","","","Elemental Damage","burning spreads to an additional nearby enemy; -1 max hp","common","build_core","output;survival","high","signals=3; rule=build_core"
"Snowball","Tier 2","50","1","","Elemental Damage","+1 elemental damage every time you get an item that increases elemental damage","uncommon","weapon_behavior","output","medium","signals=2; rule=weapon_behavior"
"Spicy Sauce","Tier 2","40","2","Win a run with Glutton","Max HP;Luck;Explosive","+3 max hp; consumables have a 50% chance to explode for 10 (+100%) damage when picked up","uncommon","build_core","output;survival;economy;utility","high","signals=6; rule=build_core"
"Spider","Tier 4","110","","Win a run with Gladiator","Damage;Attack Speed","+12 % damage; +6 % attack speed for every different weapon you have; -3 % dodge; -5 harvesting","epic","build_core","output;survival;economy;utility","high","signals=5; rule=build_core"
"Spyglass(DLC)","Tier 2","30","2","","Range","+10 range; -25 % reroll price","uncommon","build_core","output;economy;utility","high","signals=4; rule=build_core"
"Starfish(DLC)","Tier 3","75","3","Win a run with Diver","Harvesting","+20% materials dropped from enemies; +10 harvesting; +15 % enemy damage","rare","build_core","output;economy","high","signals=3; rule=build_core"
"Statue","Tier 3","60","","","Attack Speed;Stand Still","+40 % attack speed while standing still; -10 % speed","rare","weapon_behavior","output;utility","high","signals=4; rule=weapon_behavior"
"Stone Skin","Tier 3","85","1","Win a run with Golem","Armor;Max HP","+1 max hp for every permanent 1 armor you have; -6 % attack speed","rare","build_core","output;survival;utility","high","signals=4; rule=build_core"
"Strange Book","Tier 3","70","1","","Engineering;Elemental Damage","+1 engineering for every permanent 1 elemental damage you have; -1 melee damage; -1 ranged damage","rare","weapon_behavior","output;utility","high","signals=4; rule=weapon_behavior"
"Sunglasses","Tier 2","50","","","Crit Chance","+10 % crit chance; -1 armor","uncommon","build_core","output;survival","high","signals=3; rule=build_core"
"Sunken Bell(DLC)","Tier 3","65","1","","Explosive","once per wave, you explode for 100 (+500%+500%+500%+500%) damage when you fall below 40% health","rare","build_core","output;survival","high","signals=3; rule=build_core"
"Tardigrade","Tier 3","50","","","","nullifies the damage of one hit taken every wave","rare","weapon_behavior","output","medium","signals=1; rule=weapon_behavior"
"Tentacle","Tier 2","35","5","Win a run with Lich","Crit Chance","+3 % crit chance; +20% chance to heal 1 hp when killing an enemy with a critical hit","uncommon","build_core","output;survival","high","signals=3; rule=build_core"
"Terrified Onion","Tier 1","15","","","Speed","+4 % speed; -5 luck","common","economy_ops","economy;utility","high","signals=3; rule=economy_ops"
"Toolbox","Tier 3","55","","","Engineering","+6 engineering; -8 % attack speed","rare","weapon_behavior","output;utility","high","signals=4; rule=weapon_behavior"
"Torture","Tier 4","100","1","","Max HP","+15 max hp; restore 5 hp per second. cannot heal any other way.","epic","survival_counter","survival","medium","signals=2; rule=survival_counter"
"Toxic Sludge","Tier 1","20","","","Elemental Damage","+2 elemental damage; -2 % dodge","common","build_core","output;survival","high","signals=3; rule=build_core"
"Tractor","Tier 3","70","","","Harvesting","+40 harvesting; -8 % damage","rare","build_core","output;economy","high","signals=3; rule=build_core"
"Treasure Map(DLC)","Tier 2","35","5","Win a run with Sailor","Luck","+20% chance of finding an extra item in a crate","uncommon","economy_ops","economy","medium","signals=2; rule=economy_ops"
"Tree","Tier 1","15","","","Exploration","more trees spawn","common","rhythm_resource","utility","medium","signals=2; rule=rhythm_resource"
"Triangle of Power","Tier 3","65","","","Damage","+20 % damage; +1 armor; -2 % damage when you take damage until the end of the wave","rare","build_core","output;survival","high","signals=3; rule=build_core"
"Turret","Tier 1","15","","","Engineering;Structure","spawns a turret that shoots bullets dealing 10 (+80%) damage","common","weapon_behavior","output;utility","high","signals=4; rule=weapon_behavior"
"Tyler","Tier 3","75","","","Engineering;Elemental Damage;Structure","spawns a little guy that slowly shoots 10 piercing lightning projectiles around him for 10 (+75%+75%) damage each","rare","weapon_behavior","output;utility","high","signals=4; rule=weapon_behavior"
"Ugly Tooth","Tier 1","25","1","","Less Enemy Speed","hitting an enemy removes 5% of their speed. max 20%; -3 % speed","common","survival_counter","survival;utility","medium","signals=2; rule=survival_counter"
"Vigilante Ring","Tier 3","92","","","Damage","+3 % damage at the end of a wave","rare","weapon_behavior","output","medium","signals=2; rule=weapon_behavior"
"Wandering Bot","Tier 3","60","","","Less Enemy Speed;Structure","spawns a little bot that slows down nearby enemies","rare","survival_counter","survival;utility","high","signals=3; rule=survival_counter"
"Warrior Helmet","Tier 3","80","","","Armor;Max HP","+3 armor; +5 max hp; -5 % speed","rare","survival_counter","survival;utility","high","signals=3; rule=survival_counter"
"Weird Food","Tier 1","20","","","Consumable","+2 hp recovered from consumables; -2 % dodge","common","survival_counter","survival;utility","high","signals=3; rule=survival_counter"
"Weird Ghost","Tier 1","12","","","Max HP","+3 max hp; start the next wave with 1 hp","common","survival_counter","survival","medium","signals=2; rule=survival_counter"
"Wheat","Tier 3","85","","Win a run with Farmer","Melee Damage;Ranged Damage;Harvesting","+4 melee damage; +2 ranged damage; +10 harvesting; -2 elemental damage","rare","build_core","output;economy;utility","high","signals=5; rule=build_core"
"Wheelbarrow","Tier 2","40","","","Harvesting","+16 harvesting; -1 armor","uncommon","build_core","survival;economy","high","signals=3; rule=build_core"
"Whetstone","Tier 2","40","","Win a run with Sick","Life Steal","+4 % life steal; -3 knockback","uncommon","survival_counter","survival;utility","high","signals=3; rule=survival_counter"
"Whistle(DLC)","Tier 1","25","1","","","+50% chance for loot aliens to appear; +20% movement speed for loot aliens","common","rhythm_resource","utility","medium","signals=1; rule=rhythm_resource"
"White Flag","Tier 2","40","1","","Harvesting;Less Enemies","+5 harvesting; -5% enemies","uncommon","build_core","survival;economy","high","signals=3; rule=build_core"
"Will-o'-Wisp","Tier 3","80","","Kill 30 enemies by burning them in a single wave","Elemental Damage","+1 elemental damage for every 30 burning enemies you kill during a wave (max +4 per wave); -7% attack speed","rare","weapon_behavior","output;utility","high","signals=3; rule=weapon_behavior"
"Wings","Tier 3","85","","","Speed;Range","+10 % speed; +30 range; -2 elemental damage","rare","weapon_behavior","output;utility","high","signals=4; rule=weapon_behavior"
"Wisdom","Tier 3","85","1","","Damage","+5 % damage every 5 seconds until the end of the wave; -15 % damage","rare","weapon_behavior","output","medium","signals=2; rule=weapon_behavior"
"Wolf Helmet","Tier 4","90","","","Elemental Damage;Luck","+10 elemental damage; +20 luck; -5 engineering","epic","build_core","output;economy","high","signals=4; rule=build_core"
